target_district,neighbour_district
Bagerhat,Barguna
Bagerhat,Gopalganj
Bagerhat,Khulna
Bagerhat,Pirojpur
Bandarban,Chattogram
Bandarban,Coxsbazar
Bandarban,Rangamati
Barguna,Bagerhat
Barguna,Jhalakathi
Barguna,Patuakhali
Barguna,Pirojpur
Barisal,Bhola
Barisal,Gopalganj
Barisal,Jhalakathi
Barisal,Madaripur
Barisal,Patuakhali
Barisal,Pirojpur
Barisal,Shariatpur
Bhola,Barisal
Bhola,Lakshmipur
Bhola,Patuakhali
Bogura,Gaibandha
Bogura,Jamalpur
Bogura,Joypurhat
Bogura,Naogaon
Bogura,Natore
Bogura,Sirajganj
Brahmanbaria,Comilla
Brahmanbaria,Habiganj
Brahmanbaria,Kishoreganj
Brahmanbaria,Narsingdi
Chandpur,Comilla
Chandpur,Lakshmipur
Chandpur,Munshiganj
Chandpur,Shariatpur
Chapainawabganj,Naogaon
Chapainawabganj,Rajshahi
Chattogram,Bandarban
Chattogram,Coxsbazar
Chattogram,Feni
Chattogram,Khagrachhari
Chattogram,Noakhali
Chattogram,Rangamati
Chuadanga,Jhenaidah
Chuadanga,Kushtia
Chuadanga,Meherpur
Comilla,Brahmanbaria
Comilla,Chandpur
Comilla,Feni
Comilla,Lakshmipur
Comilla,Munshiganj
Comilla,Narayanganj
Comilla,Noakhali
Coxsbazar,Bandarban
Coxsbazar,Chattogram
Dhaka,Gazipur
Dhaka,Manikganj
Dhaka,Munshiganj
Dhaka,Narayanganj
Dinajpur,Gaibandha
Dinajpur,Joypurhat
Dinajpur,Naogaon
Dinajpur,Nilphamari
Dinajpur,Panchagarh
Dinajpur,Rangpur
Dinajpur,Thakurgaon
Faridpur,Gopalganj
Faridpur,Madaripur
Faridpur,Magura
Faridpur,Manikganj
Faridpur,Narail
Faridpur,Rajbari
Feni,Chattogram
Feni,Comilla
Feni,Noakhali
Gaibandha,Bogura
Gaibandha,Dinajpur
Gaibandha,Jamalpur
Gaibandha,Joypurhat
Gaibandha,Kurigram
Gaibandha,Rangpur
Gazipur,Dhaka
Gazipur,Kishoreganj
Gazipur,Mymensingh
Gazipur,Narayanganj
Gazipur,Narsingdi
Gazipur,Tangail
Gopalganj,Bagerhat
Gopalganj,Barisal
Gopalganj,Faridpur
Gopalganj,Khulna
Gopalganj,Madaripur
Gopalganj,Narail
Gopalganj,Pirojpur
Habiganj,Brahmanbaria
Habiganj,Kishoreganj
Habiganj,Moulvibazar
Habiganj,Sunamganj
Habiganj,Sylhet
Jamalpur,Bogura
Jamalpur,Gaibandha
Jamalpur,Kurigram
Jamalpur,Mymensingh
Jamalpur,Sherpur
Jamalpur,Sirajganj
Jamalpur,Tangail
Jashore,Jhenaidah
Jashore,Khulna
Jashore,Magura
Jashore,Narail
Jashore,Satkhira
Jhalakathi,Barguna
Jhalakathi,Barisal
Jhalakathi,Pirojpur
Jhenaidah,Chuadanga
Jhenaidah,Jashore
Jhenaidah,Kushtia
Jhenaidah,Magura
Joypurhat,Bogura
Joypurhat,Dinajpur
Joypurhat,Gaibandha
Joypurhat,Naogaon
Khagrachhari,Chattogram
Khagrachhari,Rangamati
Khulna,Bagerhat
Khulna,Gopalganj
Khulna,Jashore
Khulna,Narail
Khulna,Satkhira
Kishoreganj,Brahmanbaria
Kishoreganj,Gazipur
Kishoreganj,Habiganj
Kishoreganj,Mymensingh
Kishoreganj,Narsingdi
Kishoreganj,Netrokona
Kishoreganj,Sunamganj
Kurigram,Gaibandha
Kurigram,Jamalpur
Kurigram,Lalmonirhat
Kurigram,Rangpur
Kushtia,Chuadanga
Kushtia,Jhenaidah
Kushtia,Meherpur
Kushtia,Pabna
Kushtia,Rajbari
Kushtia,Rajshahi
Lakshmipur,Bhola
Lakshmipur,Chandpur
Lakshmipur,Comilla
Lakshmipur,Noakhali
Lalmonirhat,Kurigram
Lalmonirhat,Nilphamari
Lalmonirhat,Rangpur
Madaripur,Barisal
Madaripur,Faridpur
Madaripur,Gopalganj
Madaripur,Munshiganj
Madaripur,Shariatpur
Magura,Faridpur
Magura,Jashore
Magura,Jhenaidah
Magura,Narail
Magura,Rajbari
Manikganj,Dhaka
Manikganj,Faridpur
Manikganj,Pabna
Manikganj,Rajbari
Manikganj,Sirajganj
Manikganj,Tangail
Meherpur,Chuadanga
Meherpur,Kushtia
Moulvibazar,Habiganj
Moulvibazar,Sylhet
Munshiganj,Chandpur
Munshiganj,Comilla
Munshiganj,Dhaka
Munshiganj,Madaripur
Munshiganj,Narayanganj
Munshiganj,Shariatpur
Mymensingh,Gazipur
Mymensingh,Jamalpur
Mymensingh,Kishoreganj
Mymensingh,Netrokona
Mymensingh,Sherpur
Mymensingh,Tangail
Naogaon,Bogura
Naogaon,Chapainawabganj
Naogaon,Dinajpur
Naogaon,Joypurhat
Naogaon,Natore
Naogaon,Rajshahi
Narail,Faridpur
Narail,Gopalganj
Narail,Jashore
Narail,Khulna
Narail,Magura
Narayanganj,Comilla
Narayanganj,Dhaka
Narayanganj,Gazipur
Narayanganj,Munshiganj
Narayanganj,Narsingdi
Narsingdi,Brahmanbaria
Narsingdi,Gazipur
Narsingdi,Kishoreganj
Narsingdi,Narayanganj
Natore,Bogura
Natore,Naogaon
Natore,Pabna
Natore,Rajshahi
Natore,Sirajganj
Netrokona,Kishoreganj
Netrokona,Mymensingh
Netrokona,Sunamganj
Nilphamari,Dinajpur
Nilphamari,Lalmonirhat
Nilphamari,Panchagarh
Nilphamari,Rangpur
Noakhali,Chattogram
Noakhali,Comilla
Noakhali,Feni
Noakhali,Lakshmipur
Pabna,Kushtia
Pabna,Manikganj
Pabna,Natore
Pabna,Rajbari
Pabna,Sirajganj
Panchagarh,Dinajpur
Panchagarh,Nilphamari
Panchagarh,Thakurgaon
Patuakhali,Barguna
Patuakhali,Barisal
Patuakhali,Bhola
Pirojpur,Bagerhat
Pirojpur,Barguna
Pirojpur,Barisal
Pirojpur,Gopalganj
Pirojpur,Jhalakathi
Rajbari,Faridpur
Rajbari,Kushtia
Rajbari,Magura
Rajbari,Manikganj
Rajbari,Pabna
Rajshahi,Chapainawabganj
Rajshahi,Kushtia
Rajshahi,Naogaon
Rajshahi,Natore
Rangamati,Bandarban
Rangamati,Chattogram
Rangamati,Khagrachhari
Rangpur,Dinajpur
Rangpur,Gaibandha
Rangpur,Kurigram
Rangpur,Lalmonirhat
Rangpur,Nilphamari
Satkhira,Jashore
Satkhira,Khulna
Shariatpur,Barisal
Shariatpur,Chandpur
Shariatpur,Madaripur
Shariatpur,Munshiganj
Sherpur,Jamalpur
Sherpur,Mymensingh
Sirajganj,Bogura
Sirajganj,Jamalpur
Sirajganj,Manikganj
Sirajganj,Natore
Sirajganj,Pabna
Sirajganj,Tangail
Sunamganj,Habiganj
Sunamganj,Kishoreganj
Sunamganj,Netrokona
Sunamganj,Sylhet
Sylhet,Habiganj
Sylhet,Moulvibazar
Sylhet,Sunamganj
Tangail,Gazipur
Tangail,Jamalpur
Tangail,Manikganj
Tangail,Mymensingh
Tangail,Sirajganj
Thakurgaon,Dinajpur
Thakurgaon,Panchagarh
